{"cameraMode":{"drawMode":0,"name":"Shaded","section":"Shading Mode"},"sceneLighting":true,"audioPlay":false,"sceneViewState":{"m_AlwaysRefresh":false,"showFog":true,"showSkybox":true,"showFlares":true,"showImageEffects":true,"showParticleSystems":true,"showVisualEffectGraphs":true,"m_FxEnabled":true},"in2DMode":false,"pivot":{"x":-0.5502196550369263,"y":6.738236427307129,"z":6.160512924194336},"rotation":{"x":0.13257859647274018,"y":0.05705340951681137,"z":0.0076485974714159969,"w":-0.9895108342170715},"size":5.55678653717041,"orthographic":false}